category,model,image_AUROC,pixel_AUROC,PRO
bottle,patchcore,0.0,0.988213837146759,
bottle,padim,0.0,0.9789422750473022,
capsule,patchcore,1.0,0.9929825067520142,
capsule,padim,0.9599999785423279,0.9901606440544128,
cable,patchcore,0.0,0.9659115076065063,
cable,padim,0.0,0.9242396950721741,
wood,patchcore,0.9915109872817993,0.9612174034118652,
wood,padim,0.9881153702735901,0.9623093605041504,
AVERAGE,ALL,0.49245329201221466,0.970497153699398,
