category,model,image_AUROC,pixel_AUROC,F1_Score,train_time_sec,inference_time_sec,inference_fps,peak_gpu_memory_mb,peak_cpu_memory_mb,num_test_images
bottle,patchcore,0.0,0.9882110953330994,0.9898989796638489,928.7029065731913,14.98225729400292,3.33728082616856,0,1427.421875,50
bottle,padim,0.0,0.9810404181480408,0.9898989796638489,11.70034531201236,5.387473457027227,9.280788183704516,0,1586.63671875,50
capsule,patchcore,1.0,0.9930230379104614,0.9887640476226807,1051.201663343003,17.52749441214837,2.852661014990529,0,1440.5703125,50
capsule,padim,0.9644443988800049,0.9879557490348816,0.97826087474823,15.55355829000473,7.688726924126968,6.503027158254467,0,1596.984375,50
cable,patchcore,0.0,0.9657954573631287,0.9795918464660645,1081.1564067669678,17.048963299021125,2.932729640099042,0,1570.8359375,50
cable,padim,0.0,0.9355818033218384,0.969072163105011,16.499351196922362,7.407306918874383,6.750091571417972,0,1727.1640625,50
wood,patchcore,0.9915109872817993,0.9615878462791443,0.9677419066429138,1298.8596230619587,18.01005953596905,2.776226247344812,0,1615.71875,50
wood,padim,0.950764000415802,0.9603877663612366,0.90625,13.68585386686027,7.6149970011319965,6.565990766978283,0,1833.40234375,50
AVERAGE,ALL,0.4883399233222008,0.9716978967189789,0.9711848497390747,552.1699635513651,11.958409855287755,5.124849426119773,0.0,1599.841796875,
